{
  "Ba\u015f": {
    "0.0": 163.13606051144046,
    "100.0": 136.9474414971969,
    "50.0": 158.95886008921883
  },
  "\u0130\u015faret": {
    "0.0": 173.1994016894155,
    "100.0": 15.88771148524429,
    "50.0": 141.6053409753876
  },
  "Orta": {
    "0.0": 176.39295877576762,
    "100.0": 6.906738473410131,
    "50.0": 126.40136782834914
  },
  "Y\u00fcz\u00fck": {
    "0.0": 175.73291317899373,
    "100.0": 2.2624904217283275,
    "50.0": 142.3446540715454
  },
  "Ser\u00e7e": {
    "0.0": 168.0550417205201,
    "100.0": 9.775220882610569,
    "50.0": 142.0929896214041
  }
}